{
  "train_loss": [
    1.0502538681030273,
    0.7238382697105408,
    0.5729377269744873,
    0.5071719884872437,
    0.4536493420600891,
    0.4369024634361267,
    0.41133737564086914,
    0.3954811096191406,
    0.38186535239219666,
    0.3792150914669037,
    0.3745626211166382,
    0.3625333607196808,
    0.3617710769176483,
    0.36073148250579834,
    0.3560265600681305,
    0.3440672755241394,
    0.33779528737068176,
    0.3277628719806671,
    0.31900253891944885,
    0.31690916419029236,
    0.3095414638519287,
    0.3072941303253174,
    0.29607143998146057,
    0.29473263025283813,
    0.29607945680618286,
    0.2947004735469818,
    0.28830960392951965,
    0.29464998841285706,
    0.2838401794433594,
    0.28228074312210083,
    0.27635541558265686,
    0.28586167097091675,
    0.2780323922634125,
    0.27593207359313965,
    0.2811576724052429,
    0.2689739763736725,
    0.2763957381248474,
    0.26736021041870117,
    0.26495474576950073,
    0.2652352750301361,
    0.26307517290115356,
    0.26504814624786377,
    0.25715014338493347,
    0.25999870896339417,
    0.2572881579399109,
    0.263461172580719,
    0.25873348116874695,
    0.2579834461212158,
    0.25290486216545105,
    0.2488732635974884,
    0.2545003592967987,
    0.2495875209569931,
    0.24571557343006134,
    0.24756832420825958,
    0.25221922993659973,
    0.2503170669078827,
    0.249797523021698
  ],
  "val_loss": [
    0.7295808792114258,
    0.7019970417022705,
    0.6781184673309326,
    0.657454788684845,
    0.6404726505279541,
    0.6255337595939636,
    0.611163854598999,
    0.5965931415557861,
    0.5812671184539795,
    0.5644695162773132,
    0.5464065074920654,
    0.5281621217727661,
    0.5098026394844055,
    0.4919072091579437,
    0.47438138723373413,
    0.4576394557952881,
    0.4416505992412567,
    0.42614978551864624,
    0.41184067726135254,
    0.39870485663414,
    0.38646337389945984,
    0.37442120909690857,
    0.36176905035972595,
    0.3483036756515503,
    0.33318716287612915,
    0.3169284760951996,
    0.3016122579574585,
    0.28616106510162354,
    0.2713087201118469,
    0.2571067810058594,
    0.24312807619571686,
    0.23070889711380005,
    0.22032132744789124,
    0.2094140201807022,
    0.2006358504295349,
    0.1925932615995407,
    0.185257688164711,
    0.17835552990436554,
    0.17059922218322754,
    0.16233360767364502,
    0.15546278655529022,
    0.15024660527706146,
    0.1482972353696823,
    0.14878404140472412,
    0.1499643325805664,
    0.15067636966705322,
    0.14800912141799927,
    0.14495563507080078,
    0.14244550466537476,
    0.14042577147483826,
    0.13976740837097168,
    0.13924609124660492,
    0.1396644413471222,
    0.13999925553798676,
    0.1390019953250885,
    0.1360584944486618,
    0.13366134464740753
  ],
  "train_mae": [
    0.741306722164154,
    0.5981021523475647,
    0.5199856758117676,
    0.4943782091140747,
    0.47931328415870667,
    0.47564661502838135,
    0.4608962833881378,
    0.45530837774276733,
    0.4488987922668457,
    0.4412103593349457,
    0.4390023648738861,
    0.4306178390979767,
    0.43391185998916626,
    0.43147435784339905,
    0.42866677045822144,
    0.4219185411930084,
    0.4182676076889038,
    0.40821728110313416,
    0.4033064842224121,
    0.3944137692451477,
    0.39041802287101746,
    0.38866564631462097,
    0.3867048919200897,
    0.37981587648391724,
    0.37882813811302185,
    0.38368916511535645,
    0.3780004680156708,
    0.380473256111145,
    0.3747245669364929,
    0.3711843490600586,
    0.36943700909614563,
    0.3731037974357605,
    0.36899083852767944,
    0.366731733083725,
    0.37028053402900696,
    0.36339429020881653,
    0.3652915060520172,
    0.36055219173431396,
    0.3595053553581238,
    0.36041179299354553,
    0.3563993275165558,
    0.3632592260837555,
    0.3524983525276184,
    0.3551279306411743,
    0.3543802499771118,
    0.3591760993003845,
    0.3529811203479767,
    0.3552435636520386,
    0.3514963388442993,
    0.3495035171508789,
    0.35158273577690125,
    0.34941181540489197,
    0.3457460105419159,
    0.3477191627025604,
    0.3483894169330597,
    0.3494468927383423,
    0.34542301297187805
  ],
  "val_mae": 110.08810424804688,
  "learning_rates": [
    0.001,
    0.001,
    0.001,
    0.001,
    0.001,
    0.001,
    0.001,
    0.001,
    0.001,
    0.001,
    0.001,
    0.001,
    0.001,
    0.001,
    0.001,
    0.001,
    0.001,
    0.001,
    0.001,
    0.001,
    0.001,
    0.001,
    0.001,
    0.001,
    0.001,
    0.001,
    0.001,
    0.001,
    0.001,
    0.001,
    0.001,
    0.001,
    0.001,
    0.001,
    0.001,
    0.001,
    0.001,
    0.001,
    0.001,
    0.001,
    0.001,
    0.001,
    0.001,
    0.001,
    0.001,
    0.001,
    0.001,
    0.001,
    0.001,
    0.001,
    0.001,
    0.001,
    0.001,
    0.001,
    0.001,
    0.001,
    0.001
  ],
  "val_rmse": 146.40878295898438,
  "val_r2": 0.8730139136314392
}