{
  "A_full_model": {
    "DK1": {
      "mae": 175.6082,
      "rmse": 237.573,
      "r2": 0.5897,
      "mae_vs_full": 0.0
    },
    "DK2": {
      "mae": 178.6731,
      "rmse": 237.1792,
      "r2": 0.5852,
      "mae_vs_full": 3.0649
    },
    "HYDRO": {
      "mae": 523.0751,
      "rmse": 525.0422,
      "r2": -4.96601797810983e+21,
      "mae_vs_full": 347.4669
    },
    "DE": {
      "mae": 138.5135,
      "rmse": 157.3756,
      "r2": -6648360337408.0,
      "mae_vs_full": -37.0947
    },
    "DK_combined": {
      "mae": 177.1407,
      "rmse": 237.3762,
      "r2": 0.5875,
      "mae_vs_full": 1.5325
    }
  },
  "B_no_temporal": {
    "DK1": {
      "mae": 206.0551,
      "rmse": 264.1625,
      "r2": 0.4928,
      "mae_vs_full": 30.4469
    },
    "DK2": {
      "mae": 213.4472,
      "rmse": 272.3637,
      "r2": 0.453,
      "mae_vs_full": 37.839
    },
    "HYDRO": {
      "mae": 589.9299,
      "rmse": 591.9758,
      "r2": -6.31288249706976e+21,
      "mae_vs_full": 414.3217
    },
    "DE": {
      "mae": 85.3155,
      "rmse": 96.5786,
      "r2": -2503812841472.0,
      "mae_vs_full": -90.2927
    },
    "DK_combined": {
      "mae": 209.7511,
      "rmse": 268.2944,
      "r2": 0.4731,
      "mae_vs_full": 34.1429
    }
  },
  "C_no_spatial": {
    "DK1": {
      "mae": 175.3657,
      "rmse": 237.2312,
      "r2": 0.5909,
      "mae_vs_full": -0.2425
    },
    "DK2": {
      "mae": 192.662,
      "rmse": 252.4289,
      "r2": 0.5302,
      "mae_vs_full": 17.0538
    },
    "HYDRO": {
      "mae": 527.5936,
      "rmse": 529.7256,
      "r2": -5.055006854946857e+21,
      "mae_vs_full": 351.9854
    },
    "DE": {
      "mae": 149.9878,
      "rmse": 170.6334,
      "r2": -7815702249472.0,
      "mae_vs_full": -25.6204
    },
    "DK_combined": {
      "mae": 184.0139,
      "rmse": 244.9479,
      "r2": 0.5608,
      "mae_vs_full": 8.4057
    }
  },
  "D_no_market_bridge": {
    "DK1": {
      "mae": 288.8418,
      "rmse": 353.9958,
      "r2": 0.0891,
      "mae_vs_full": 113.2336
    },
    "DK2": {
      "mae": 283.675,
      "rmse": 344.8074,
      "r2": 0.1233,
      "mae_vs_full": 108.0668
    },
    "HYDRO": {
      "mae": 520.5442,
      "rmse": 522.792,
      "r2": -4.923541152324378e+21,
      "mae_vs_full": 344.936
    },
    "DE": {
      "mae": 159.5329,
      "rmse": 177.3711,
      "r2": -8445119430656.0,
      "mae_vs_full": -16.0753
    },
    "DK_combined": {
      "mae": 286.2584,
      "rmse": 349.4318,
      "r2": 0.1062,
      "mae_vs_full": 110.6502
    }
  },
  "E_no_market_context": {
    "DK1": {
      "mae": 288.8418,
      "rmse": 353.9958,
      "r2": 0.0891,
      "mae_vs_full": 113.2336
    },
    "DK2": {
      "mae": 283.675,
      "rmse": 344.8074,
      "r2": 0.1233,
      "mae_vs_full": 108.0668
    },
    "HYDRO": {
      "mae": 520.5442,
      "rmse": 522.792,
      "r2": -4.923541152324378e+21,
      "mae_vs_full": 344.936
    },
    "DE": {
      "mae": 159.5329,
      "rmse": 177.3711,
      "r2": -8445119430656.0,
      "mae_vs_full": -16.0753
    },
    "DK_combined": {
      "mae": 286.2584,
      "rmse": 349.4318,
      "r2": 0.1062,
      "mae_vs_full": 110.6502
    }
  }
}