{
  "A_full_model": {
    "DK1": {
      "mae": 166.0023,
      "rmse": 229.6578,
      "r2": 0.6166,
      "mae_vs_full": 0.0
    },
    "DK2": {
      "mae": 168.4258,
      "rmse": 226.8755,
      "r2": 0.6205,
      "mae_vs_full": 2.4235
    },
    "HYDRO": {
      "mae": 954.1759,
      "rmse": 964.1682,
      "r2": -1.6746551897784083e+22,
      "mae_vs_full": 788.1736
    },
    "DE": {
      "mae": 310.0121,
      "rmse": 332.5118,
      "r2": -29679333408768.0,
      "mae_vs_full": 144.0098
    },
    "DK_combined": {
      "mae": 167.214,
      "rmse": 228.2709,
      "r2": 0.6186,
      "mae_vs_full": 1.2117
    }
  },
  "B_no_temporal": {
    "DK1": {
      "mae": 217.6975,
      "rmse": 277.1253,
      "r2": 0.4418,
      "mae_vs_full": 51.6952
    },
    "DK2": {
      "mae": 265.8956,
      "rmse": 336.2776,
      "r2": 0.1662,
      "mae_vs_full": 99.8933
    },
    "HYDRO": {
      "mae": 897.53,
      "rmse": 905.0875,
      "r2": -1.4757095769592421e+22,
      "mae_vs_full": 731.5277
    },
    "DE": {
      "mae": 398.3434,
      "rmse": 404.9872,
      "r2": -44027353235456.0,
      "mae_vs_full": 232.3411
    },
    "DK_combined": {
      "mae": 241.7965,
      "rmse": 308.1242,
      "r2": 0.305,
      "mae_vs_full": 75.7942
    }
  },
  "C_no_spatial": {
    "DK1": {
      "mae": 168.3895,
      "rmse": 233.1292,
      "r2": 0.6049,
      "mae_vs_full": 2.3872
    },
    "DK2": {
      "mae": 168.7738,
      "rmse": 227.3173,
      "r2": 0.619,
      "mae_vs_full": 2.7715
    },
    "HYDRO": {
      "mae": 964.1681,
      "rmse": 974.2845,
      "r2": -1.709981200075521e+22,
      "mae_vs_full": 798.1658
    },
    "DE": {
      "mae": 328.4246,
      "rmse": 350.1078,
      "r2": -32903601848320.0,
      "mae_vs_full": 162.4223
    },
    "DK_combined": {
      "mae": 168.5816,
      "rmse": 230.2416,
      "r2": 0.6119,
      "mae_vs_full": 2.5793
    }
  },
  "D_no_market_bridge": {
    "DK1": {
      "mae": 189.4336,
      "rmse": 251.6682,
      "r2": 0.5396,
      "mae_vs_full": 23.4313
    },
    "DK2": {
      "mae": 171.5997,
      "rmse": 229.9218,
      "r2": 0.6102,
      "mae_vs_full": 5.5974
    },
    "HYDRO": {
      "mae": 949.6895,
      "rmse": 961.0042,
      "r2": -1.663681831516348e+22,
      "mae_vs_full": 783.6872
    },
    "DE": {
      "mae": 287.9544,
      "rmse": 305.9503,
      "r2": -25127049756672.0,
      "mae_vs_full": 121.9521
    },
    "DK_combined": {
      "mae": 180.5167,
      "rmse": 241.0403,
      "r2": 0.5747,
      "mae_vs_full": 14.5144
    }
  },
  "E_no_market_context": {
    "DK1": {
      "mae": 189.4336,
      "rmse": 251.6682,
      "r2": 0.5396,
      "mae_vs_full": 23.4313
    },
    "DK2": {
      "mae": 171.5997,
      "rmse": 229.9218,
      "r2": 0.6102,
      "mae_vs_full": 5.5974
    },
    "HYDRO": {
      "mae": 949.6895,
      "rmse": 961.0042,
      "r2": -1.663681831516348e+22,
      "mae_vs_full": 783.6872
    },
    "DE": {
      "mae": 287.9544,
      "rmse": 305.9503,
      "r2": -25127049756672.0,
      "mae_vs_full": 121.9521
    },
    "DK_combined": {
      "mae": 180.5167,
      "rmse": 241.0403,
      "r2": 0.5747,
      "mae_vs_full": 14.5144
    }
  },
  "F_no_cooccurs": {
    "DK1": {
      "mae": 187.004,
      "rmse": 246.1093,
      "r2": 0.5597,
      "mae_vs_full": 21.0017
    },
    "DK2": {
      "mae": 194.1923,
      "rmse": 252.553,
      "r2": 0.5297,
      "mae_vs_full": 28.19
    },
    "HYDRO": {
      "mae": 954.1759,
      "rmse": 964.1682,
      "r2": -1.6746551897784083e+22,
      "mae_vs_full": 788.1736
    },
    "DE": {
      "mae": 310.0121,
      "rmse": 332.5118,
      "r2": -29679333408768.0,
      "mae_vs_full": 144.0098
    },
    "DK_combined": {
      "mae": 190.5982,
      "rmse": 249.352,
      "r2": 0.5449,
      "mae_vs_full": 24.5959
    }
  }
}