{
  "eval_zones": "DK1+DK2",
  "mae": 179.20059204101562,
  "rmse": 236.411865234375,
  "r2": 0.5908722877502441,
  "smape": 55.08445358276367
}