{
  "mae": 97.18511962890625,
  "rmse": 136.35308837890625,
  "r2": 0.8898583054542542,
  "smape": 33.4679901599884
}