{
  "mae": 49.129783630371094,
  "r2": 0.9137155413627625
}