{
  "eval_zones": "DK1+DK2",
  "mae": 176.02963256835938,
  "rmse": 233.8697967529297,
  "r2": 0.5996235013008118,
  "smape": 54.537742614746094
}