{
  "eval_zones": "DK1+DK2",
  "mae": 168.2810516357422,
  "rmse": 226.3186798095703,
  "r2": 0.6267244815826416,
  "smape": 53.808528900146484
}