{
  "eval_zones": "DK1+DK2",
  "mae": 171.22987365722656,
  "rmse": 229.298828125,
  "r2": 0.6151806116104126,
  "smape": 54.08571243286133
}