{
  "mae": 87.20011138916016,
  "rmse": 163.61990356445312,
  "r2": 0.81475830078125,
  "smape": 126.93815612792969
}