{
  "eval_zones": "DK1+DK2",
  "mae": 166.85665893554688,
  "rmse": 225.00448608398438,
  "r2": 0.6310470104217529,
  "smape": 54.14908981323242
}