{
  "eval_zones": "DK1+DK2",
  "mae": 173.99537658691406,
  "rmse": 230.8572998046875,
  "r2": 0.6098716259002686,
  "smape": 54.3459358215332
}