{
  "eval_zones": "DK1+DK2",
  "mae": 167.2140350341797,
  "rmse": 228.27090454101562,
  "r2": 0.618564248085022,
  "smape": 53.36126708984375
}