{
  "mae": 144.9480438232422,
  "rmse": 263.0143127441406,
  "r2": 0.5213421583175659,
  "smape": 132.34376525878906
}