{
  "eval_zones": "DK1+DK2",
  "mae": 177.14068603515625,
  "rmse": 237.3761749267578,
  "r2": 0.5875279307365417,
  "smape": 54.33894348144531
}