{
  "feature_importance": {
    "DK1": {
      "lag_24h": 0.7147867679595947,
      "lag_48h": 0.7554742693901062,
      "lag_168h": 1.0,
      "roll_24h_mean": 0.1964498907327652,
      "roll_24h_std": 0.25761696696281433,
      "temperature": 0.12085729837417603,
      "wind_speed": 0.3939504325389862,
      "cloud_cover": 0.1383051872253418,
      "humidity": 0.21415656805038452,
      "hour_sin": 0.12790721654891968,
      "hour_cos": 0.25674304366111755,
      "week_sin": 0.3030605912208557,
      "week_cos": 0.1947411447763443
    },
    "DK2": {
      "lag_24h": 0.6383684873580933,
      "lag_48h": 0.7472327947616577,
      "lag_168h": 1.0,
      "roll_24h_mean": 0.15038233995437622,
      "roll_24h_std": 0.2910733222961426,
      "temperature": 0.1269620954990387,
      "wind_speed": 0.48562270402908325,
      "cloud_cover": 0.1436442881822586,
      "humidity": 0.3219887316226959,
      "hour_sin": 0.11609869450330734,
      "hour_cos": 0.23879438638687134,
      "week_sin": 0.30504676699638367,
      "week_cos": 0.23258660733699799
    },
    "HYDRO": {
      "lag_24h": 0.9999998211860657,
      "lag_48h": 0.20470738410949707,
      "lag_168h": 0.4544578194618225,
      "roll_24h_mean": 0.24937142431735992,
      "roll_24h_std": 0.39167776703834534,
      "temperature": 0.41567501425743103,
      "wind_speed": 0.4801170527935028,
      "cloud_cover": 0.6605382561683655,
      "humidity": 0.708288311958313,
      "hour_sin": 0.27692747116088867,
      "hour_cos": 0.6503584980964661,
      "week_sin": 0.2874428629875183,
      "week_cos": 0.941007673740387
    },
    "DE": {
      "lag_24h": 0.4006659686565399,
      "lag_48h": 0.559520423412323,
      "lag_168h": 0.41576364636421204,
      "roll_24h_mean": 0.2310011386871338,
      "roll_24h_std": 0.3290024399757385,
      "temperature": 0.6679965853691101,
      "wind_speed": 0.9205978512763977,
      "cloud_cover": 0.518880307674408,
      "humidity": 0.43491116166114807,
      "hour_sin": 0.4930219352245331,
      "hour_cos": 0.9999998211860657,
      "week_sin": 0.7264155149459839,
      "week_cos": 0.879220724105835
    }
  },
  "mae_by_hour_of_day": {
    "DK1": {
      "0": 153.26856994628906,
      "1": 156.32632446289062,
      "2": 151.68121337890625,
      "3": 156.93185424804688,
      "4": 168.12533569335938,
      "5": 187.24334716796875,
      "6": 179.46070861816406,
      "7": 187.58914184570312,
      "8": 175.09913635253906,
      "9": 164.87086486816406,
      "10": 167.42027282714844,
      "11": 166.45672607421875,
      "12": 166.19337463378906,
      "13": 176.66470336914062,
      "14": 176.59361267089844,
      "15": 176.64173889160156,
      "16": 176.83792114257812,
      "17": 238.68734741210938,
      "18": 265.2176208496094,
      "19": 209.18077087402344,
      "20": 166.00555419921875,
      "21": 145.62557983398438,
      "22": 152.4055938720703,
      "23": 149.40785217285156
    },
    "DK2": {
      "0": 162.82789611816406,
      "1": 162.77076721191406,
      "2": 161.3915252685547,
      "3": 163.89976501464844,
      "4": 173.52883911132812,
      "5": 187.56320190429688,
      "6": 179.95030212402344,
      "7": 180.34536743164062,
      "8": 173.1571044921875,
      "9": 161.11666870117188,
      "10": 164.6082000732422,
      "11": 164.7577362060547,
      "12": 163.565673828125,
      "13": 166.49745178222656,
      "14": 165.6270294189453,
      "15": 169.50982666015625,
      "16": 180.68548583984375,
      "17": 254.96029663085938,
      "18": 272.5941467285156,
      "19": 216.56011962890625,
      "20": 179.3001708984375,
      "21": 164.9696502685547,
      "22": 157.63235473632812,
      "23": 159.4507598876953
    }
  },
  "mae_by_day_of_week": {
    "DK1": {
      "0": 208.56398010253906,
      "1": 195.17483520507812,
      "2": 169.05462646484375,
      "3": 178.61854553222656,
      "4": 150.81724548339844,
      "5": 153.15379333496094,
      "6": 173.734130859375
    },
    "DK2": {
      "0": 206.42372131347656,
      "1": 191.50994873046875,
      "2": 179.8451690673828,
      "3": 178.01673889160156,
      "4": 159.38587951660156,
      "5": 157.67759704589844,
      "6": 177.92791748046875
    }
  },
  "zone_correlations": {
    "pred_correlation": [
      [
        0.9999999999999999,
        0.9729779355604494,
        -0.1020860346292214,
        -0.11507052280906913
      ],
      [
        0.9729779355604494,
        1.0,
        -0.11371165417906387,
        -0.06608528314233109
      ],
      [
        -0.1020860346292214,
        -0.11371165417906387,
        1.0,
        -0.4395626110538554
      ],
      [
        -0.11507052280906913,
        -0.06608528314233109,
        -0.4395626110538554,
        1.0
      ]
    ],
    "actual_correlation": [
      [
        1.0,
        0.9447032010510386,
        NaN,
        NaN
      ],
      [
        0.9447032010510387,
        0.9999999999999999,
        NaN,
        NaN
      ],
      [
        NaN,
        NaN,
        NaN,
        NaN
      ],
      [
        NaN,
        NaN,
        NaN,
        NaN
      ]
    ],
    "zone_order": [
      "DK1",
      "DK2",
      "HYDRO",
      "DE"
    ]
  }
}