{
  "feature_importance": {
    "DK1": {
      "lag_24h": 1.0,
      "lag_48h": 0.6459301710128784,
      "lag_168h": 0.7951384782791138,
      "roll_24h_mean": 0.28720682859420776,
      "roll_24h_std": 0.2726108133792877,
      "temperature": 0.15730580687522888,
      "wind_speed": 0.35820478200912476,
      "cloud_cover": 0.21103009581565857,
      "humidity": 0.388226181268692,
      "hour_sin": 0.18207629024982452,
      "hour_cos": 0.20140314102172852,
      "week_sin": 0.34646934270858765,
      "week_cos": 0.3359471559524536
    },
    "DK2": {
      "lag_24h": 1.0,
      "lag_48h": 0.49853619933128357,
      "lag_168h": 0.8005837202072144,
      "roll_24h_mean": 0.2460598349571228,
      "roll_24h_std": 0.3304404020309448,
      "temperature": 0.19523222744464874,
      "wind_speed": 0.4570578634738922,
      "cloud_cover": 0.17007306218147278,
      "humidity": 0.4169367253780365,
      "hour_sin": 0.19651596248149872,
      "hour_cos": 0.2136712521314621,
      "week_sin": 0.5282194018363953,
      "week_cos": 0.41735389828681946
    },
    "HYDRO": {
      "lag_24h": 0.298854261636734,
      "lag_48h": 0.5089019536972046,
      "lag_168h": 0.23862965404987335,
      "roll_24h_mean": 0.25700145959854126,
      "roll_24h_std": 0.23945064842700958,
      "temperature": 0.342489629983902,
      "wind_speed": 0.3902009129524231,
      "cloud_cover": 0.6790935397148132,
      "humidity": 0.3234027028083801,
      "hour_sin": 0.28706833720207214,
      "hour_cos": 0.9999999403953552,
      "week_sin": 0.44938716292381287,
      "week_cos": 0.44268667697906494
    },
    "DE": {
      "lag_24h": 0.342483788728714,
      "lag_48h": 0.6363099217414856,
      "lag_168h": 0.27776917815208435,
      "roll_24h_mean": 0.6246671676635742,
      "roll_24h_std": 0.2568940818309784,
      "temperature": 0.4888812005519867,
      "wind_speed": 0.9999998807907104,
      "cloud_cover": 0.32822558283805847,
      "humidity": 0.4425841271877289,
      "hour_sin": 0.30157366394996643,
      "hour_cos": 0.6620941758155823,
      "week_sin": 0.38777294754981995,
      "week_cos": 0.6076429486274719
    }
  },
  "mae_by_hour_of_day": {
    "DK1": {
      "0": 144.93753051757812,
      "1": 145.80162048339844,
      "2": 145.3885955810547,
      "3": 151.94012451171875,
      "4": 161.1743621826172,
      "5": 180.4844512939453,
      "6": 170.6497039794922,
      "7": 173.6090087890625,
      "8": 163.8701629638672,
      "9": 164.79847717285156,
      "10": 165.9332733154297,
      "11": 166.2621612548828,
      "12": 161.16848754882812,
      "13": 171.22474670410156,
      "14": 166.77418518066406,
      "15": 166.93292236328125,
      "16": 165.79345703125,
      "17": 229.685302734375,
      "18": 252.6744842529297,
      "19": 197.30865478515625,
      "20": 149.49526977539062,
      "21": 128.44200134277344,
      "22": 143.9280548095703,
      "23": 141.9165496826172
    },
    "DK2": {
      "0": 152.7838592529297,
      "1": 153.09921264648438,
      "2": 152.9853515625,
      "3": 161.13963317871094,
      "4": 167.9856719970703,
      "5": 174.50543212890625,
      "6": 160.2438201904297,
      "7": 154.0445098876953,
      "8": 152.5814971923828,
      "9": 161.0978240966797,
      "10": 165.8930206298828,
      "11": 168.0237579345703,
      "12": 165.77235412597656,
      "13": 164.3193817138672,
      "14": 157.47682189941406,
      "15": 150.09556579589844,
      "16": 157.3474884033203,
      "17": 240.0056915283203,
      "18": 256.2547302246094,
      "19": 192.37152099609375,
      "20": 153.0843963623047,
      "21": 145.5347442626953,
      "22": 143.31838989257812,
      "23": 148.96173095703125
    }
  },
  "mae_by_day_of_week": {
    "DK1": {
      "0": 194.92391967773438,
      "1": 175.92742919921875,
      "2": 164.4573974609375,
      "3": 168.3540802001953,
      "4": 144.39181518554688,
      "5": 147.6839599609375,
      "6": 173.9011993408203
    },
    "DK2": {
      "0": 186.64454650878906,
      "1": 167.67160034179688,
      "2": 171.29769897460938,
      "3": 165.31027221679688,
      "4": 151.57266235351562,
      "5": 156.23858642578125,
      "6": 167.61814880371094
    }
  },
  "zone_correlations": {
    "pred_correlation": [
      [
        1.0,
        0.9739088396643831,
        -0.14595793790799275,
        0.4714722185223373
      ],
      [
        0.973908839664383,
        1.0,
        -0.07917634513686092,
        0.4154541241075836
      ],
      [
        -0.14595793790799275,
        -0.0791763451368609,
        1.0,
        -0.6738989447154393
      ],
      [
        0.4714722185223373,
        0.4154541241075836,
        -0.6738989447154393,
        1.0
      ]
    ],
    "actual_correlation": [
      [
        1.0,
        0.945705317823125,
        0.688530032221105,
        NaN
      ],
      [
        0.945705317823125,
        1.0,
        0.7161709106297628,
        NaN
      ],
      [
        0.6885300322211049,
        0.7161709106297627,
        1.0,
        NaN
      ],
      [
        NaN,
        NaN,
        NaN,
        NaN
      ]
    ],
    "zone_order": [
      "DK1",
      "DK2",
      "HYDRO",
      "DE"
    ]
  }
}