{
  "feature_importance": {
    "DK1": {
      "lag_24h": 0.703801155090332,
      "lag_48h": 1.0,
      "lag_168h": 0.9683524370193481,
      "roll_24h_mean": 0.21621635556221008,
      "roll_24h_std": 0.25930050015449524,
      "temperature": 0.11019022017717361,
      "wind_speed": 0.327811598777771,
      "cloud_cover": 0.12159039080142975,
      "humidity": 0.3419915735721588,
      "hour_sin": 0.13532473146915436,
      "hour_cos": 0.20511867105960846,
      "week_sin": 0.2792970538139343,
      "week_cos": 0.48361945152282715
    },
    "DK2": {
      "lag_24h": 0.7232930660247803,
      "lag_48h": 1.0,
      "lag_168h": 0.9979225993156433,
      "roll_24h_mean": 0.25171518325805664,
      "roll_24h_std": 0.3067798614501953,
      "temperature": 0.12646737694740295,
      "wind_speed": 0.5089799165725708,
      "cloud_cover": 0.12493008375167847,
      "humidity": 0.2808639705181122,
      "hour_sin": 0.14665716886520386,
      "hour_cos": 0.22671769559383392,
      "week_sin": 0.31256476044654846,
      "week_cos": 0.5843671560287476
    },
    "HYDRO": {
      "lag_24h": 0.8113813996315002,
      "lag_48h": 0.3119437098503113,
      "lag_168h": 0.4092082381248474,
      "roll_24h_mean": 0.5652378797531128,
      "roll_24h_std": 0.4812202453613281,
      "temperature": 0.7026782631874084,
      "wind_speed": 0.9999998807907104,
      "cloud_cover": 0.5197405815124512,
      "humidity": 0.8540821075439453,
      "hour_sin": 0.15842588245868683,
      "hour_cos": 0.17457671463489532,
      "week_sin": 0.3146990239620209,
      "week_cos": 0.20480945706367493
    },
    "DE": {
      "lag_24h": 0.3537103235721588,
      "lag_48h": 0.1648886650800705,
      "lag_168h": 0.189487487077713,
      "roll_24h_mean": 0.37800732254981995,
      "roll_24h_std": 0.34698885679244995,
      "temperature": 0.5537741780281067,
      "wind_speed": 0.9999999403953552,
      "cloud_cover": 0.5743902325630188,
      "humidity": 0.708246111869812,
      "hour_sin": 0.10719434916973114,
      "hour_cos": 0.07862278819084167,
      "week_sin": 0.23121267557144165,
      "week_cos": 0.21892334520816803
    }
  },
  "mae_by_hour_of_day": {
    "DK1": {
      "0": 142.68809509277344,
      "1": 146.89002990722656,
      "2": 145.34925842285156,
      "3": 151.145751953125,
      "4": 169.29251098632812,
      "5": 188.8194122314453,
      "6": 172.00390625,
      "7": 179.40560913085938,
      "8": 166.47314453125,
      "9": 160.92764282226562,
      "10": 162.29052734375,
      "11": 162.03929138183594,
      "12": 161.3017120361328,
      "13": 175.81689453125,
      "14": 177.17987060546875,
      "15": 180.07411193847656,
      "16": 178.0302734375,
      "17": 240.86497497558594,
      "18": 259.4652099609375,
      "19": 203.1345672607422,
      "20": 158.5244140625,
      "21": 138.47445678710938,
      "22": 146.62994384765625,
      "23": 142.9527130126953
    },
    "DK2": {
      "0": 157.68304443359375,
      "1": 153.75823974609375,
      "2": 153.38180541992188,
      "3": 154.11154174804688,
      "4": 173.43313598632812,
      "5": 188.3154296875,
      "6": 169.63687133789062,
      "7": 165.07740783691406,
      "8": 162.1995849609375,
      "9": 160.32296752929688,
      "10": 162.92861938476562,
      "11": 165.01132202148438,
      "12": 162.6423797607422,
      "13": 163.61721801757812,
      "14": 162.0253143310547,
      "15": 168.63150024414062,
      "16": 175.2425994873047,
      "17": 250.52320861816406,
      "18": 260.07562255859375,
      "19": 201.36094665527344,
      "20": 163.84779357910156,
      "21": 151.61514282226562,
      "22": 151.83221435546875,
      "23": 152.4647979736328
    }
  },
  "mae_by_day_of_week": {
    "DK1": {
      "0": 201.49533081054688,
      "1": 185.94290161132812,
      "2": 173.19073486328125,
      "3": 173.4727783203125,
      "4": 145.52976989746094,
      "5": 151.6407470703125,
      "6": 167.8185272216797
    },
    "DK2": {
      "0": 194.41168212890625,
      "1": 181.9466552734375,
      "2": 178.47610473632812,
      "3": 173.1688995361328,
      "4": 154.8323974609375,
      "5": 156.89083862304688,
      "6": 165.32937622070312
    }
  },
  "zone_correlations": {
    "pred_correlation": [
      [
        0.9999999999999999,
        0.9752327811117054,
        0.1473792616449908,
        -0.19207933024984253
      ],
      [
        0.9752327811117054,
        0.9999999999999999,
        0.15962623341930599,
        -0.208301796438807
      ],
      [
        0.1473792616449908,
        0.15962623341930599,
        1.0,
        -0.2559128195160248
      ],
      [
        -0.1920793302498425,
        -0.20830179643880697,
        -0.2559128195160248,
        1.0
      ]
    ],
    "actual_correlation": [
      [
        1.0,
        0.9446786671879215,
        NaN,
        NaN
      ],
      [
        0.9446786671879214,
        1.0,
        NaN,
        NaN
      ],
      [
        NaN,
        NaN,
        NaN,
        NaN
      ],
      [
        NaN,
        NaN,
        NaN,
        NaN
      ]
    ],
    "zone_order": [
      "DK1",
      "DK2",
      "HYDRO",
      "DE"
    ]
  }
}