{
  "feature_importance": {
    "DK1": {
      "lag_24h": 1.0,
      "lag_48h": 0.398067444562912,
      "lag_168h": 0.4624999165534973,
      "roll_24h_mean": 0.4754068851470947,
      "roll_24h_std": 0.8472772240638733,
      "temperature": 0.8399888277053833,
      "wind_speed": 0.6777105331420898,
      "cloud_cover": 0.6218217015266418,
      "humidity": 0.6243720054626465,
      "hour_sin": 0.17276859283447266,
      "hour_cos": 0.3994307816028595,
      "week_sin": 0.4204690456390381,
      "week_cos": 0.1667056828737259
    },
    "DK2": {
      "lag_24h": 1.0,
      "lag_48h": 0.39785805344581604,
      "lag_168h": 0.46021315455436707,
      "roll_24h_mean": 0.4764789044857025,
      "roll_24h_std": 0.8439835906028748,
      "temperature": 0.8374601602554321,
      "wind_speed": 0.6744996309280396,
      "cloud_cover": 0.620107114315033,
      "humidity": 0.6228369474411011,
      "hour_sin": 0.1726660281419754,
      "hour_cos": 0.39852479100227356,
      "week_sin": 0.41846004128456116,
      "week_cos": 0.1666380763053894
    },
    "HYDRO": {
      "lag_24h": 0.9999999403953552,
      "lag_48h": 0.5943104028701782,
      "lag_168h": 0.5163366198539734,
      "roll_24h_mean": 0.5869801044464111,
      "roll_24h_std": 0.9262897968292236,
      "temperature": 0.5271113514900208,
      "wind_speed": 0.647417426109314,
      "cloud_cover": 0.44127967953681946,
      "humidity": 0.4023593068122864,
      "hour_sin": 0.29240110516548157,
      "hour_cos": 0.4943023920059204,
      "week_sin": 0.667088508605957,
      "week_cos": 0.4912588596343994
    },
    "DE": {
      "lag_24h": 0.9999999403953552,
      "lag_48h": 0.37403228878974915,
      "lag_168h": 0.4404221177101135,
      "roll_24h_mean": 0.46469956636428833,
      "roll_24h_std": 0.6993498802185059,
      "temperature": 0.4190642833709717,
      "wind_speed": 0.5352543592453003,
      "cloud_cover": 0.27273282408714294,
      "humidity": 0.18114209175109863,
      "hour_sin": 0.19831334054470062,
      "hour_cos": 0.3192345201969147,
      "week_sin": 0.4883616864681244,
      "week_cos": 0.2378421276807785
    }
  },
  "mae_by_hour_of_day": {
    "DK1": {
      "0": 194.75999450683594,
      "1": 192.70509338378906,
      "2": 198.16604614257812,
      "3": 210.05743408203125,
      "4": 266.46710205078125,
      "5": 301.5218811035156,
      "6": 264.46612548828125,
      "7": 254.05015563964844,
      "8": 290.2662658691406,
      "9": 349.5532531738281,
      "10": 396.3636169433594,
      "11": 426.1907958984375,
      "12": 432.7415466308594,
      "13": 393.5385437011719,
      "14": 324.7289733886719,
      "15": 229.53350830078125,
      "16": 237.57635498046875,
      "17": 382.2224426269531,
      "18": 426.078857421875,
      "19": 338.0339660644531,
      "20": 262.2071838378906,
      "21": 212.28875732421875,
      "22": 219.09432983398438,
      "23": 205.3866424560547
    },
    "DK2": {
      "0": 179.56163024902344,
      "1": 185.58848571777344,
      "2": 191.95143127441406,
      "3": 191.7499237060547,
      "4": 228.6084747314453,
      "5": 263.9925231933594,
      "6": 239.02078247070312,
      "7": 259.93426513671875,
      "8": 338.306640625,
      "9": 409.56549072265625,
      "10": 462.62310791015625,
      "11": 496.7877197265625,
      "12": 499.5862121582031,
      "13": 452.5658264160156,
      "14": 376.3904724121094,
      "15": 258.0708923339844,
      "16": 211.7688446044922,
      "17": 327.9094543457031,
      "18": 343.5693664550781,
      "19": 253.32321166992188,
      "20": 192.23912048339844,
      "21": 170.3041229248047,
      "22": 183.71559143066406,
      "23": 185.9351348876953
    }
  },
  "mae_by_day_of_week": {
    "DK1": {
      "0": 319.5853271484375,
      "1": 305.12738037109375,
      "2": 258.95599365234375,
      "3": 279.5128479003906,
      "4": 272.2322998046875,
      "5": 299.6308288574219,
      "6": 307.81451416015625
    },
    "DK2": {
      "0": 289.8551940917969,
      "1": 300.0367736816406,
      "2": 263.4250793457031,
      "3": 271.7251892089844,
      "4": 265.59478759765625,
      "5": 298.8793029785156,
      "6": 322.3251647949219
    }
  },
  "zone_correlations": {
    "pred_correlation": [
      [
        0.9999999999999999,
        0.9766038150615222,
        -0.37297778372552903,
        0.4388207396123275
      ],
      [
        0.9766038150615223,
        1.0,
        -0.3821201728788884,
        0.44871335821751557
      ],
      [
        -0.37297778372552903,
        -0.38212017287888844,
        0.9999999999999998,
        -0.7180216401906767
      ],
      [
        0.43882073961232754,
        0.44871335821751557,
        -0.7180216401906768,
        0.9999999999999999
      ]
    ],
    "actual_correlation": [
      [
        1.0,
        0.9446786671879215,
        NaN,
        NaN
      ],
      [
        0.9446786671879214,
        1.0,
        NaN,
        NaN
      ],
      [
        NaN,
        NaN,
        NaN,
        NaN
      ],
      [
        NaN,
        NaN,
        NaN,
        NaN
      ]
    ],
    "zone_order": [
      "DK1",
      "DK2",
      "HYDRO",
      "DE"
    ]
  }
}