{
  "feature_importance": {
    "DK1": {
      "lag_1h": 1.0,
      "lag_2h": 0.05093535780906677,
      "lag_6h": 0.0771215409040451,
      "roll_6h_mean": 0.05961184203624725,
      "roll_6h_std": 0.03283018618822098,
      "temperature": 0.025590749457478523,
      "wind_speed": 0.0190875381231308,
      "cloud_cover": 0.019468139857053757,
      "humidity": 0.09765700995922089,
      "hour_sin": 0.07300201058387756,
      "hour_cos": 0.09260997921228409,
      "week_sin": 0.026865608990192413,
      "week_cos": 0.019864467903971672
    },
    "DK2": {
      "lag_1h": 1.0,
      "lag_2h": 0.04544294252991676,
      "lag_6h": 0.07797728478908539,
      "roll_6h_mean": 0.06103741377592087,
      "roll_6h_std": 0.03336341306567192,
      "temperature": 0.025610515847802162,
      "wind_speed": 0.019342470914125443,
      "cloud_cover": 0.019267255440354347,
      "humidity": 0.09779708832502365,
      "hour_sin": 0.07138698548078537,
      "hour_cos": 0.09120650589466095,
      "week_sin": 0.02720407024025917,
      "week_cos": 0.01982858031988144
    },
    "HYDRO": {
      "lag_1h": 0.9999999403953552,
      "lag_2h": 0.2067141830921173,
      "lag_6h": 0.1732793003320694,
      "roll_6h_mean": 0.23084336519241333,
      "roll_6h_std": 0.2387995421886444,
      "temperature": 0.04723000153899193,
      "wind_speed": 0.04779450595378876,
      "cloud_cover": 0.0509251169860363,
      "humidity": 0.13412560522556305,
      "hour_sin": 0.16654431819915771,
      "hour_cos": 0.1050858125090599,
      "week_sin": 0.09386935085058212,
      "week_cos": 0.08626586943864822
    },
    "DE": {
      "lag_1h": 1.0,
      "lag_2h": 0.3316705524921417,
      "lag_6h": 0.11399799585342407,
      "roll_6h_mean": 0.2753714323043823,
      "roll_6h_std": 0.12339989840984344,
      "temperature": 0.10998038202524185,
      "wind_speed": 0.06034638732671738,
      "cloud_cover": 0.062309738248586655,
      "humidity": 0.30563560128211975,
      "hour_sin": 0.16257767379283905,
      "hour_cos": 0.11921604722738266,
      "week_sin": 0.07839532196521759,
      "week_cos": 0.07744114100933075
    }
  },
  "mae_by_hour_of_day": {
    "DK1": {
      "0": 33.694881439208984,
      "1": 28.844966888427734,
      "2": 28.91132354736328,
      "3": 37.65624237060547,
      "4": 54.0472412109375,
      "5": 88.03829193115234,
      "6": 106.28050231933594,
      "7": 127.43266296386719,
      "8": 97.05159759521484,
      "9": 76.43305969238281,
      "10": 63.36102294921875,
      "11": 40.968875885009766,
      "12": 32.35008239746094,
      "13": 60.561920166015625,
      "14": 75.20343780517578,
      "15": 122.47785186767578,
      "16": 137.1975555419922,
      "17": 145.01602172851562,
      "18": 173.52561950683594,
      "19": 117.34554290771484,
      "20": 58.937034606933594,
      "21": 50.044063568115234,
      "22": 82.34432983398438,
      "23": 43.92567825317383
    },
    "DK2": {
      "0": 41.468482971191406,
      "1": 36.31547546386719,
      "2": 36.968040466308594,
      "3": 44.386390686035156,
      "4": 82.62003326416016,
      "5": 105.40058135986328,
      "6": 121.38214874267578,
      "7": 120.7789306640625,
      "8": 89.9759521484375,
      "9": 65.7071762084961,
      "10": 43.84949493408203,
      "11": 34.46649932861328,
      "12": 38.51142883300781,
      "13": 52.221954345703125,
      "14": 63.944541931152344,
      "15": 111.98714447021484,
      "16": 134.79690551757812,
      "17": 158.76438903808594,
      "18": 178.63546752929688,
      "19": 118.17404174804688,
      "20": 60.10938262939453,
      "21": 54.45350646972656,
      "22": 80.79051208496094,
      "23": 51.668758392333984
    }
  },
  "mae_by_day_of_week": {
    "DK1": {
      "0": 93.01416778564453,
      "1": 91.84931945800781,
      "2": 81.09471893310547,
      "3": 76.00662994384766,
      "4": 68.70726013183594,
      "5": 68.53358459472656,
      "6": 69.82759857177734
    },
    "DK2": {
      "0": 92.73094940185547,
      "1": 97.71642303466797,
      "2": 85.7017822265625,
      "3": 81.1746826171875,
      "4": 73.57684326171875,
      "5": 68.37561798095703,
      "6": 63.32114791870117
    }
  },
  "zone_correlations": {
    "pred_correlation": [
      [
        1.0,
        0.9429529522643793,
        0.015103463933328176,
        0.23796460767113267
      ],
      [
        0.9429529522643794,
        1.0,
        0.018861596117194027,
        0.23062927993441903
      ],
      [
        0.015103463933328176,
        0.018861596117194027,
        1.0,
        -0.017602795251555548
      ],
      [
        0.23796460767113267,
        0.23062927993441903,
        -0.017602795251555548,
        1.0
      ]
    ],
    "actual_correlation": [
      [
        1.0,
        0.9446786671879215,
        NaN,
        NaN
      ],
      [
        0.9446786671879214,
        1.0,
        NaN,
        NaN
      ],
      [
        NaN,
        NaN,
        NaN,
        NaN
      ],
      [
        NaN,
        NaN,
        NaN,
        NaN
      ]
    ],
    "zone_order": [
      "DK1",
      "DK2",
      "HYDRO",
      "DE"
    ]
  }
}