{
  "feature_importance": {
    "DK1": {
      "lag_24h": 1.0,
      "lag_48h": 0.6343850493431091,
      "lag_168h": 0.7707681059837341,
      "roll_24h_mean": 0.22163572907447815,
      "roll_24h_std": 0.25929105281829834,
      "temperature": 0.16586251556873322,
      "wind_speed": 0.3695457875728607,
      "cloud_cover": 0.2277115136384964,
      "humidity": 0.3210686445236206,
      "hour_sin": 0.1766507774591446,
      "hour_cos": 0.2044605314731598,
      "week_sin": 0.3507923185825348,
      "week_cos": 0.31799060106277466
    },
    "DK2": {
      "lag_24h": 0.9999999403953552,
      "lag_48h": 0.4969221353530884,
      "lag_168h": 0.7340964078903198,
      "roll_24h_mean": 0.2712689936161041,
      "roll_24h_std": 0.32946211099624634,
      "temperature": 0.21305488049983978,
      "wind_speed": 0.4755716919898987,
      "cloud_cover": 0.16925370693206787,
      "humidity": 0.37255358695983887,
      "hour_sin": 0.2218065857887268,
      "hour_cos": 0.23849165439605713,
      "week_sin": 0.517005980014801,
      "week_cos": 0.4245626926422119
    },
    "HYDRO": {
      "lag_24h": 0.40934112668037415,
      "lag_48h": 0.39718759059906006,
      "lag_168h": 0.3273330628871918,
      "roll_24h_mean": 0.2956205904483795,
      "roll_24h_std": 0.6860507726669312,
      "temperature": 0.3660851716995239,
      "wind_speed": 0.6058988571166992,
      "cloud_cover": 0.9999998807907104,
      "humidity": 0.782945990562439,
      "hour_sin": 0.3771396279335022,
      "hour_cos": 0.9762744903564453,
      "week_sin": 0.31149137020111084,
      "week_cos": 0.4049854278564453
    },
    "DE": {
      "lag_24h": 0.6373249888420105,
      "lag_48h": 0.24410982429981232,
      "lag_168h": 0.659977912902832,
      "roll_24h_mean": 0.41996559500694275,
      "roll_24h_std": 0.3683266043663025,
      "temperature": 0.23995733261108398,
      "wind_speed": 0.9999998807907104,
      "cloud_cover": 0.35559991002082825,
      "humidity": 0.49597129225730896,
      "hour_sin": 0.3228222131729126,
      "hour_cos": 0.3246963918209076,
      "week_sin": 0.44430288672447205,
      "week_cos": 0.7785588502883911
    }
  },
  "mae_by_hour_of_day": {
    "DK1": {
      "0": 140.7568359375,
      "1": 145.5880126953125,
      "2": 141.59535217285156,
      "3": 147.26182556152344,
      "4": 161.82730102539062,
      "5": 177.17141723632812,
      "6": 164.35736083984375,
      "7": 170.72808837890625,
      "8": 161.6487274169922,
      "9": 162.47247314453125,
      "10": 165.7615509033203,
      "11": 163.37118530273438,
      "12": 154.7178955078125,
      "13": 164.4977264404297,
      "14": 164.0999298095703,
      "15": 167.8883056640625,
      "16": 169.14508056640625,
      "17": 235.97889709472656,
      "18": 260.20916748046875,
      "19": 203.80902099609375,
      "20": 152.18048095703125,
      "21": 133.1510772705078,
      "22": 138.74246215820312,
      "23": 136.36590576171875
    },
    "DK2": {
      "0": 154.12222290039062,
      "1": 158.91290283203125,
      "2": 155.23849487304688,
      "3": 164.40493774414062,
      "4": 173.7479705810547,
      "5": 179.67453002929688,
      "6": 161.72206115722656,
      "7": 159.31332397460938,
      "8": 154.66099548339844,
      "9": 159.07054138183594,
      "10": 163.955810546875,
      "11": 162.92352294921875,
      "12": 158.14353942871094,
      "13": 157.893798828125,
      "14": 153.84771728515625,
      "15": 159.2353057861328,
      "16": 168.3128204345703,
      "17": 242.77175903320312,
      "18": 259.7785949707031,
      "19": 197.56292724609375,
      "20": 157.55874633789062,
      "21": 147.73486328125,
      "22": 141.07472229003906,
      "23": 149.7180938720703
    }
  },
  "mae_by_day_of_week": {
    "DK1": {
      "0": 193.84657287597656,
      "1": 179.88955688476562,
      "2": 161.46826171875,
      "3": 168.54092407226562,
      "4": 144.2521209716797,
      "5": 140.90394592285156,
      "6": 173.064453125
    },
    "DK2": {
      "0": 185.0127716064453,
      "1": 174.6514129638672,
      "2": 176.55789184570312,
      "3": 171.01406860351562,
      "4": 152.22605895996094,
      "5": 155.40896606445312,
      "6": 164.43516540527344
    }
  },
  "zone_correlations": {
    "pred_correlation": [
      [
        1.0,
        0.9749398904137786,
        -0.20070823751756545,
        0.23585788653962594
      ],
      [
        0.9749398904137785,
        1.0,
        -0.14498539006074834,
        0.24939695854133875
      ],
      [
        -0.20070823751756547,
        -0.14498539006074834,
        1.0,
        0.14978665723283935
      ],
      [
        0.23585788653962594,
        0.24939695854133875,
        0.14978665723283935,
        0.9999999999999998
      ]
    ],
    "actual_correlation": [
      [
        1.0,
        0.9447032010510386,
        NaN,
        NaN
      ],
      [
        0.9447032010510387,
        0.9999999999999999,
        NaN,
        NaN
      ],
      [
        NaN,
        NaN,
        NaN,
        NaN
      ],
      [
        NaN,
        NaN,
        NaN,
        NaN
      ]
    ],
    "zone_order": [
      "DK1",
      "DK2",
      "HYDRO",
      "DE"
    ]
  }
}