{
  "feature_importance": {
    "DK1": {
      "lag_24h": 0.705581784248352,
      "lag_48h": 0.7751244902610779,
      "lag_168h": 1.0,
      "roll_24h_mean": 0.21890310943126678,
      "roll_24h_std": 0.2430327981710434,
      "temperature": 0.12874017655849457,
      "wind_speed": 0.40439650416374207,
      "cloud_cover": 0.13925138115882874,
      "humidity": 0.2022135853767395,
      "hour_sin": 0.1653210073709488,
      "hour_cos": 0.31715428829193115,
      "week_sin": 0.3268875777721405,
      "week_cos": 0.2022896409034729
    },
    "DK2": {
      "lag_24h": 0.6242544054985046,
      "lag_48h": 0.8121417164802551,
      "lag_168h": 1.0,
      "roll_24h_mean": 0.1744096577167511,
      "roll_24h_std": 0.29770031571388245,
      "temperature": 0.13353706896305084,
      "wind_speed": 0.5197170972824097,
      "cloud_cover": 0.1522471159696579,
      "humidity": 0.29287418723106384,
      "hour_sin": 0.14751267433166504,
      "hour_cos": 0.3070918917655945,
      "week_sin": 0.3321464955806732,
      "week_cos": 0.2462015450000763
    },
    "HYDRO": {
      "lag_24h": 0.9999997615814209,
      "lag_48h": 0.23418070375919342,
      "lag_168h": 0.4964606463909149,
      "roll_24h_mean": 0.27025464177131653,
      "roll_24h_std": 0.3602291941642761,
      "temperature": 0.36282816529273987,
      "wind_speed": 0.4976942539215088,
      "cloud_cover": 0.6908653974533081,
      "humidity": 0.7027042508125305,
      "hour_sin": 0.4065370559692383,
      "hour_cos": 0.6893489956855774,
      "week_sin": 0.3964771628379822,
      "week_cos": 0.9446098804473877
    },
    "DE": {
      "lag_24h": 0.45005661249160767,
      "lag_48h": 0.279985636472702,
      "lag_168h": 0.7798941135406494,
      "roll_24h_mean": 0.19457992911338806,
      "roll_24h_std": 0.24006973206996918,
      "temperature": 0.5771774649620056,
      "wind_speed": 0.9999998807907104,
      "cloud_cover": 0.18761728703975677,
      "humidity": 0.5755853056907654,
      "hour_sin": 0.4840186834335327,
      "hour_cos": 0.6481479406356812,
      "week_sin": 0.3306523859500885,
      "week_cos": 0.8418620228767395
    }
  },
  "mae_by_hour_of_day": {
    "DK1": {
      "0": 147.80270385742188,
      "1": 152.27735900878906,
      "2": 147.18267822265625,
      "3": 151.79685974121094,
      "4": 167.5879669189453,
      "5": 186.42030334472656,
      "6": 172.74276733398438,
      "7": 173.55555725097656,
      "8": 163.7749786376953,
      "9": 156.85202026367188,
      "10": 159.3491973876953,
      "11": 159.76092529296875,
      "12": 161.02723693847656,
      "13": 174.46038818359375,
      "14": 175.78089904785156,
      "15": 173.8246612548828,
      "16": 174.07186889648438,
      "17": 237.62831115722656,
      "18": 256.4853515625,
      "19": 200.0115509033203,
      "20": 156.13128662109375,
      "21": 137.0982666015625,
      "22": 148.2140350341797,
      "23": 147.58213806152344
    },
    "DK2": {
      "0": 158.06292724609375,
      "1": 159.20419311523438,
      "2": 156.44924926757812,
      "3": 158.5449981689453,
      "4": 171.07835388183594,
      "5": 184.88795471191406,
      "6": 171.95785522460938,
      "7": 165.27593994140625,
      "8": 160.3032989501953,
      "9": 154.86756896972656,
      "10": 159.64073181152344,
      "11": 161.72451782226562,
      "12": 162.8426055908203,
      "13": 167.49969482421875,
      "14": 165.8018341064453,
      "15": 166.34805297851562,
      "16": 175.2054443359375,
      "17": 249.38832092285156,
      "18": 260.10003662109375,
      "19": 200.4479217529297,
      "20": 164.38697814941406,
      "21": 153.14309692382812,
      "22": 152.29397583007812,
      "23": 156.11924743652344
    }
  },
  "mae_by_day_of_week": {
    "DK1": {
      "0": 200.63894653320312,
      "1": 183.47271728515625,
      "2": 169.834228515625,
      "3": 172.9524688720703,
      "4": 147.19468688964844,
      "5": 148.4890899658203,
      "6": 168.17539978027344
    },
    "DK2": {
      "0": 195.8810577392578,
      "1": 181.72543334960938,
      "2": 176.84519958496094,
      "3": 170.4705810546875,
      "4": 156.2274627685547,
      "5": 154.40968322753906,
      "6": 171.13571166992188
    }
  },
  "zone_correlations": {
    "pred_correlation": [
      [
        1.0,
        0.9724789171031643,
        -0.16409115034691685,
        -0.2569226179177535
      ],
      [
        0.9724789171031643,
        0.9999999999999999,
        -0.17381512678326128,
        -0.2003940647068595
      ],
      [
        -0.16409115034691688,
        -0.17381512678326125,
        1.0,
        -0.40830885871165573
      ],
      [
        -0.2569226179177535,
        -0.20039406470685947,
        -0.4083088587116557,
        1.0
      ]
    ],
    "actual_correlation": [
      [
        1.0,
        0.9446786671879215,
        NaN,
        NaN
      ],
      [
        0.9446786671879214,
        1.0,
        NaN,
        NaN
      ],
      [
        NaN,
        NaN,
        NaN,
        NaN
      ],
      [
        NaN,
        NaN,
        NaN,
        NaN
      ]
    ],
    "zone_order": [
      "DK1",
      "DK2",
      "HYDRO",
      "DE"
    ]
  }
}