{
  "baseline": {
    "DK1": {
      "mae": 175.6082,
      "rmse": 237.573,
      "r2": 0.5897
    },
    "DK2": {
      "mae": 178.6731,
      "rmse": 237.1792,
      "r2": 0.5852
    },
    "HYDRO": {
      "mae": 523.0751,
      "rmse": 525.0422,
      "r2": -4.96601797810983e+21
    },
    "DE": {
      "mae": 138.5135,
      "rmse": 157.3756,
      "r2": -6648360337408.0
    }
  },
  "gaussian_noise": {
    "noise_5pct": {
      "DK1": {
        "mae": 176.3146,
        "rmse": 238.039,
        "r2": 0.5881,
        "mae_delta_pct": 0.4
      },
      "DK2": {
        "mae": 179.0888,
        "rmse": 237.8368,
        "r2": 0.5829,
        "mae_delta_pct": 0.23
      },
      "HYDRO": {
        "mae": 522.8754,
        "rmse": 524.8504,
        "r2": -4.962389202710076e+21,
        "mae_delta_pct": -0.04
      },
      "DE": {
        "mae": 138.6798,
        "rmse": 157.5516,
        "r2": -6663240679424.0,
        "mae_delta_pct": 0.12
      }
    },
    "noise_10pct": {
      "DK1": {
        "mae": 178.1531,
        "rmse": 240.4205,
        "r2": 0.5798,
        "mae_delta_pct": 1.45
      },
      "DK2": {
        "mae": 181.8985,
        "rmse": 240.2498,
        "r2": 0.5744,
        "mae_delta_pct": 1.81
      },
      "HYDRO": {
        "mae": 522.6969,
        "rmse": 524.7032,
        "r2": -4.959605978140361e+21,
        "mae_delta_pct": -0.07
      },
      "DE": {
        "mae": 139.2777,
        "rmse": 158.1489,
        "r2": -6713858064384.0,
        "mae_delta_pct": 0.55
      }
    },
    "noise_20pct": {
      "DK1": {
        "mae": 187.1528,
        "rmse": 251.3728,
        "r2": 0.5407,
        "mae_delta_pct": 6.57
      },
      "DK2": {
        "mae": 191.6031,
        "rmse": 252.0659,
        "r2": 0.5315,
        "mae_delta_pct": 7.24
      },
      "HYDRO": {
        "mae": 520.826,
        "rmse": 522.9828,
        "r2": -4.927136150726927e+21,
        "mae_delta_pct": -0.43
      },
      "DE": {
        "mae": 141.0512,
        "rmse": 160.2361,
        "r2": -6892246532096.0,
        "mae_delta_pct": 1.83
      }
    },
    "noise_30pct": {
      "DK1": {
        "mae": 200.6575,
        "rmse": 265.6042,
        "r2": 0.4872,
        "mae_delta_pct": 14.26
      },
      "DK2": {
        "mae": 209.8015,
        "rmse": 273.8447,
        "r2": 0.4471,
        "mae_delta_pct": 17.42
      },
      "HYDRO": {
        "mae": 517.6736,
        "rmse": 520.1335,
        "r2": -4.873595106556933e+21,
        "mae_delta_pct": -1.03
      },
      "DE": {
        "mae": 143.0641,
        "rmse": 162.7809,
        "r2": -7112901001216.0,
        "mae_delta_pct": 3.29
      }
    }
  },
  "feature_dropout": {
    "dropout_10pct": {
      "DK1": {
        "mae": 189.7309,
        "rmse": 255.8138,
        "r2": 0.5243,
        "mae_delta_pct": 8.04
      },
      "DK2": {
        "mae": 192.8596,
        "rmse": 256.4372,
        "r2": 0.5151,
        "mae_delta_pct": 7.94
      },
      "HYDRO": {
        "mae": 532.7207,
        "rmse": 534.5511,
        "r2": -5.147522613242069e+21,
        "mae_delta_pct": 1.84
      },
      "DE": {
        "mae": 133.7192,
        "rmse": 151.113,
        "r2": -6129763483648.0,
        "mae_delta_pct": -3.46
      }
    },
    "dropout_20pct": {
      "DK1": {
        "mae": 201.6248,
        "rmse": 267.6203,
        "r2": 0.4794,
        "mae_delta_pct": 14.82
      },
      "DK2": {
        "mae": 202.7034,
        "rmse": 267.7189,
        "r2": 0.4715,
        "mae_delta_pct": 13.45
      },
      "HYDRO": {
        "mae": 541.8122,
        "rmse": 543.5272,
        "r2": -5.32184682171842e+21,
        "mae_delta_pct": 3.58
      },
      "DE": {
        "mae": 127.8295,
        "rmse": 144.0944,
        "r2": -5573575704576.0,
        "mae_delta_pct": -7.71
      }
    },
    "dropout_30pct": {
      "DK1": {
        "mae": 213.0659,
        "rmse": 283.672,
        "r2": 0.4151,
        "mae_delta_pct": 21.33
      },
      "DK2": {
        "mae": 219.1289,
        "rmse": 292.1951,
        "r2": 0.3705,
        "mae_delta_pct": 22.64
      },
      "HYDRO": {
        "mae": 551.4934,
        "rmse": 553.1197,
        "r2": -5.511350412738822e+21,
        "mae_delta_pct": 5.43
      },
      "DE": {
        "mae": 122.7251,
        "rmse": 136.8548,
        "r2": -5027591618560.0,
        "mae_delta_pct": -11.4
      }
    }
  },
  "price_spike": {
    "spike_2x": {
      "DK1": {
        "mae": 175.6082,
        "rmse": 237.573,
        "r2": 0.5897,
        "mae_delta_pct": 0.0
      },
      "DK2": {
        "mae": 178.6731,
        "rmse": 237.1792,
        "r2": 0.5852,
        "mae_delta_pct": 0.0
      },
      "HYDRO": {
        "mae": 523.0751,
        "rmse": 525.0422,
        "r2": -4.96601797810983e+21,
        "mae_delta_pct": 0.0
      },
      "DE": {
        "mae": 138.5135,
        "rmse": 157.3756,
        "r2": -6648360337408.0,
        "mae_delta_pct": 0.0
      }
    },
    "spike_3x": {
      "DK1": {
        "mae": 175.6082,
        "rmse": 237.573,
        "r2": 0.5897,
        "mae_delta_pct": 0.0
      },
      "DK2": {
        "mae": 178.6731,
        "rmse": 237.1792,
        "r2": 0.5852,
        "mae_delta_pct": 0.0
      },
      "HYDRO": {
        "mae": 523.0751,
        "rmse": 525.0422,
        "r2": -4.96601797810983e+21,
        "mae_delta_pct": 0.0
      },
      "DE": {
        "mae": 138.5135,
        "rmse": 157.3756,
        "r2": -6648360337408.0,
        "mae_delta_pct": 0.0
      }
    },
    "spike_5x": {
      "DK1": {
        "mae": 175.6082,
        "rmse": 237.573,
        "r2": 0.5897,
        "mae_delta_pct": 0.0
      },
      "DK2": {
        "mae": 178.6731,
        "rmse": 237.1792,
        "r2": 0.5852,
        "mae_delta_pct": 0.0
      },
      "HYDRO": {
        "mae": 523.0751,
        "rmse": 525.0422,
        "r2": -4.96601797810983e+21,
        "mae_delta_pct": 0.0
      },
      "DE": {
        "mae": 138.5135,
        "rmse": 157.3756,
        "r2": -6648360337408.0,
        "mae_delta_pct": 0.0
      }
    }
  }
}