{
  "baseline": {
    "DK1": {
      "mae": 166.0023,
      "rmse": 229.6578,
      "r2": 0.6166
    },
    "DK2": {
      "mae": 168.4258,
      "rmse": 226.8755,
      "r2": 0.6205
    },
    "HYDRO": {
      "mae": 954.1759,
      "rmse": 964.1682,
      "r2": -1.6746551897784083e+22
    },
    "DE": {
      "mae": 310.0121,
      "rmse": 332.5118,
      "r2": -29679333408768.0
    }
  },
  "gaussian_noise": {
    "noise_5pct": {
      "DK1": {
        "mae": 166.6522,
        "rmse": 230.0917,
        "r2": 0.6152,
        "mae_delta_pct": 0.39
      },
      "DK2": {
        "mae": 168.8672,
        "rmse": 227.419,
        "r2": 0.6186,
        "mae_delta_pct": 0.26
      },
      "HYDRO": {
        "mae": 954.4823,
        "rmse": 964.5261,
        "r2": -1.675898746225516e+22,
        "mae_delta_pct": 0.03
      },
      "DE": {
        "mae": 309.5031,
        "rmse": 332.1972,
        "r2": -29623190552576.0,
        "mae_delta_pct": -0.16
      }
    },
    "noise_10pct": {
      "DK1": {
        "mae": 167.6173,
        "rmse": 231.0183,
        "r2": 0.6121,
        "mae_delta_pct": 0.97
      },
      "DK2": {
        "mae": 169.773,
        "rmse": 228.4086,
        "r2": 0.6153,
        "mae_delta_pct": 0.8
      },
      "HYDRO": {
        "mae": 955.8556,
        "rmse": 965.8967,
        "r2": -1.6806649057111622e+22,
        "mae_delta_pct": 0.18
      },
      "DE": {
        "mae": 307.7946,
        "rmse": 331.3434,
        "r2": -29471115575296.0,
        "mae_delta_pct": -0.72
      }
    },
    "noise_20pct": {
      "DK1": {
        "mae": 174.1599,
        "rmse": 238.3301,
        "r2": 0.5871,
        "mae_delta_pct": 4.91
      },
      "DK2": {
        "mae": 176.4814,
        "rmse": 235.7726,
        "r2": 0.5901,
        "mae_delta_pct": 4.78
      },
      "HYDRO": {
        "mae": 959.658,
        "rmse": 970.1227,
        "r2": -1.6954034984416855e+22,
        "mae_delta_pct": 0.57
      },
      "DE": {
        "mae": 302.7296,
        "rmse": 328.2218,
        "r2": -28918425845760.0,
        "mae_delta_pct": -2.35
      }
    },
    "noise_30pct": {
      "DK1": {
        "mae": 184.1061,
        "rmse": 248.8392,
        "r2": 0.5499,
        "mae_delta_pct": 10.91
      },
      "DK2": {
        "mae": 184.6961,
        "rmse": 246.0826,
        "r2": 0.5535,
        "mae_delta_pct": 9.66
      },
      "HYDRO": {
        "mae": 967.7722,
        "rmse": 978.5369,
        "r2": -1.7249408069577577e+22,
        "mae_delta_pct": 1.42
      },
      "DE": {
        "mae": 298.927,
        "rmse": 326.4625,
        "r2": -28609257406464.0,
        "mae_delta_pct": -3.58
      }
    }
  },
  "feature_dropout": {
    "dropout_10pct": {
      "DK1": {
        "mae": 177.5797,
        "rmse": 243.1181,
        "r2": 0.5704,
        "mae_delta_pct": 6.97
      },
      "DK2": {
        "mae": 179.8744,
        "rmse": 241.2397,
        "r2": 0.5709,
        "mae_delta_pct": 6.8
      },
      "HYDRO": {
        "mae": 942.1563,
        "rmse": 950.8386,
        "r2": -1.6286708480131698e+22,
        "mae_delta_pct": -1.26
      },
      "DE": {
        "mae": 328.8863,
        "rmse": 348.5521,
        "r2": -32611833479168.0,
        "mae_delta_pct": 6.09
      }
    },
    "dropout_20pct": {
      "DK1": {
        "mae": 188.3743,
        "rmse": 252.7871,
        "r2": 0.5355,
        "mae_delta_pct": 13.48
      },
      "DK2": {
        "mae": 189.6671,
        "rmse": 250.5264,
        "r2": 0.5372,
        "mae_delta_pct": 12.61
      },
      "HYDRO": {
        "mae": 933.6882,
        "rmse": 941.2836,
        "r2": -1.5961022791779053e+22,
        "mae_delta_pct": -2.15
      },
      "DE": {
        "mae": 345.8872,
        "rmse": 363.2742,
        "r2": -35424936394752.0,
        "mae_delta_pct": 11.57
      }
    },
    "dropout_30pct": {
      "DK1": {
        "mae": 201.7972,
        "rmse": 269.1209,
        "r2": 0.4735,
        "mae_delta_pct": 21.56
      },
      "DK2": {
        "mae": 204.1698,
        "rmse": 269.7889,
        "r2": 0.4633,
        "mae_delta_pct": 21.22
      },
      "HYDRO": {
        "mae": 924.4169,
        "rmse": 931.0018,
        "r2": -1.561423999097199e+22,
        "mae_delta_pct": -3.12
      },
      "DE": {
        "mae": 359.9285,
        "rmse": 375.2333,
        "r2": -37795716399104.0,
        "mae_delta_pct": 16.1
      }
    }
  },
  "price_spike": {
    "spike_2x": {
      "DK1": {
        "mae": 166.0023,
        "rmse": 229.6578,
        "r2": 0.6166,
        "mae_delta_pct": 0.0
      },
      "DK2": {
        "mae": 168.4258,
        "rmse": 226.8755,
        "r2": 0.6205,
        "mae_delta_pct": 0.0
      },
      "HYDRO": {
        "mae": 954.1759,
        "rmse": 964.1682,
        "r2": -1.6746551897784083e+22,
        "mae_delta_pct": 0.0
      },
      "DE": {
        "mae": 310.0121,
        "rmse": 332.5118,
        "r2": -29679333408768.0,
        "mae_delta_pct": 0.0
      }
    },
    "spike_3x": {
      "DK1": {
        "mae": 166.0023,
        "rmse": 229.6578,
        "r2": 0.6166,
        "mae_delta_pct": 0.0
      },
      "DK2": {
        "mae": 168.4258,
        "rmse": 226.8755,
        "r2": 0.6205,
        "mae_delta_pct": 0.0
      },
      "HYDRO": {
        "mae": 954.1759,
        "rmse": 964.1682,
        "r2": -1.6746551897784083e+22,
        "mae_delta_pct": 0.0
      },
      "DE": {
        "mae": 310.0121,
        "rmse": 332.5118,
        "r2": -29679333408768.0,
        "mae_delta_pct": 0.0
      }
    },
    "spike_5x": {
      "DK1": {
        "mae": 166.0023,
        "rmse": 229.6578,
        "r2": 0.6166,
        "mae_delta_pct": 0.0
      },
      "DK2": {
        "mae": 168.4258,
        "rmse": 226.8755,
        "r2": 0.6205,
        "mae_delta_pct": 0.0
      },
      "HYDRO": {
        "mae": 954.1759,
        "rmse": 964.1682,
        "r2": -1.6746551897784083e+22,
        "mae_delta_pct": 0.0
      },
      "DE": {
        "mae": 310.0121,
        "rmse": 332.5118,
        "r2": -29679333408768.0,
        "mae_delta_pct": 0.0
      }
    }
  }
}