{
  "baseline": {
    "DK1": {
      "mae": 166.0023,
      "rmse": 229.6578,
      "r2": 0.6166
    },
    "DK2": {
      "mae": 168.4258,
      "rmse": 226.8755,
      "r2": 0.6205
    },
    "HYDRO": {
      "mae": 954.1759,
      "rmse": 964.1682,
      "r2": -1.6746551897784083e+22
    },
    "DE": {
      "mae": 310.0121,
      "rmse": 332.5118,
      "r2": -29679333408768.0
    }
  },
  "gaussian_noise": {
    "noise_5pct": {
      "DK1": {
        "mae": 166.4495,
        "rmse": 229.9898,
        "r2": 0.6155,
        "mae_delta_pct": 0.27
      },
      "DK2": {
        "mae": 168.7367,
        "rmse": 227.2256,
        "r2": 0.6193,
        "mae_delta_pct": 0.18
      },
      "HYDRO": {
        "mae": 954.6025,
        "rmse": 964.6392,
        "r2": -1.6762914601130227e+22,
        "mae_delta_pct": 0.04
      },
      "DE": {
        "mae": 309.6846,
        "rmse": 332.3405,
        "r2": -29648748544000.0,
        "mae_delta_pct": -0.11
      }
    },
    "noise_10pct": {
      "DK1": {
        "mae": 167.6755,
        "rmse": 231.4599,
        "r2": 0.6106,
        "mae_delta_pct": 1.01
      },
      "DK2": {
        "mae": 169.1321,
        "rmse": 227.9546,
        "r2": 0.6168,
        "mae_delta_pct": 0.42
      },
      "HYDRO": {
        "mae": 956.057,
        "rmse": 966.1208,
        "r2": -1.6814449291666227e+22,
        "mae_delta_pct": 0.2
      },
      "DE": {
        "mae": 307.8933,
        "rmse": 331.4232,
        "r2": -29485313294336.0,
        "mae_delta_pct": -0.68
      }
    },
    "noise_20pct": {
      "DK1": {
        "mae": 173.6742,
        "rmse": 237.7928,
        "r2": 0.589,
        "mae_delta_pct": 4.62
      },
      "DK2": {
        "mae": 175.6964,
        "rmse": 234.8887,
        "r2": 0.5932,
        "mae_delta_pct": 4.32
      },
      "HYDRO": {
        "mae": 960.8917,
        "rmse": 971.1582,
        "r2": -1.6990248429020542e+22,
        "mae_delta_pct": 0.7
      },
      "DE": {
        "mae": 303.3502,
        "rmse": 328.4385,
        "r2": -28956635955200.0,
        "mae_delta_pct": -2.15
      }
    },
    "noise_30pct": {
      "DK1": {
        "mae": 182.165,
        "rmse": 248.8437,
        "r2": 0.5499,
        "mae_delta_pct": 9.74
      },
      "DK2": {
        "mae": 183.0552,
        "rmse": 244.6586,
        "r2": 0.5586,
        "mae_delta_pct": 8.69
      },
      "HYDRO": {
        "mae": 970.1869,
        "rmse": 981.0761,
        "r2": -1.7339044338861039e+22,
        "mae_delta_pct": 1.68
      },
      "DE": {
        "mae": 297.049,
        "rmse": 325.0896,
        "r2": -28369127211008.0,
        "mae_delta_pct": -4.18
      }
    }
  },
  "feature_dropout": {
    "dropout_10pct": {
      "DK1": {
        "mae": 177.5797,
        "rmse": 243.1181,
        "r2": 0.5704,
        "mae_delta_pct": 6.97
      },
      "DK2": {
        "mae": 179.8744,
        "rmse": 241.2397,
        "r2": 0.5709,
        "mae_delta_pct": 6.8
      },
      "HYDRO": {
        "mae": 942.1563,
        "rmse": 950.8386,
        "r2": -1.6286708480131698e+22,
        "mae_delta_pct": -1.26
      },
      "DE": {
        "mae": 328.8863,
        "rmse": 348.5521,
        "r2": -32611833479168.0,
        "mae_delta_pct": 6.09
      }
    },
    "dropout_20pct": {
      "DK1": {
        "mae": 188.3743,
        "rmse": 252.7871,
        "r2": 0.5355,
        "mae_delta_pct": 13.48
      },
      "DK2": {
        "mae": 189.6671,
        "rmse": 250.5264,
        "r2": 0.5372,
        "mae_delta_pct": 12.61
      },
      "HYDRO": {
        "mae": 933.6882,
        "rmse": 941.2836,
        "r2": -1.5961022791779053e+22,
        "mae_delta_pct": -2.15
      },
      "DE": {
        "mae": 345.8872,
        "rmse": 363.2742,
        "r2": -35424936394752.0,
        "mae_delta_pct": 11.57
      }
    },
    "dropout_30pct": {
      "DK1": {
        "mae": 201.7972,
        "rmse": 269.1209,
        "r2": 0.4735,
        "mae_delta_pct": 21.56
      },
      "DK2": {
        "mae": 204.1698,
        "rmse": 269.7889,
        "r2": 0.4633,
        "mae_delta_pct": 21.22
      },
      "HYDRO": {
        "mae": 924.4169,
        "rmse": 931.0018,
        "r2": -1.561423999097199e+22,
        "mae_delta_pct": -3.12
      },
      "DE": {
        "mae": 359.9285,
        "rmse": 375.2333,
        "r2": -37795716399104.0,
        "mae_delta_pct": 16.1
      }
    }
  },
  "price_spike": {
    "spike_2x": {
      "DK1": {
        "mae": 166.0023,
        "rmse": 229.6578,
        "r2": 0.6166,
        "mae_delta_pct": 0.0
      },
      "DK2": {
        "mae": 168.4258,
        "rmse": 226.8755,
        "r2": 0.6205,
        "mae_delta_pct": 0.0
      },
      "HYDRO": {
        "mae": 954.1759,
        "rmse": 964.1682,
        "r2": -1.6746551897784083e+22,
        "mae_delta_pct": 0.0
      },
      "DE": {
        "mae": 310.0121,
        "rmse": 332.5118,
        "r2": -29679333408768.0,
        "mae_delta_pct": 0.0
      }
    },
    "spike_3x": {
      "DK1": {
        "mae": 166.0023,
        "rmse": 229.6578,
        "r2": 0.6166,
        "mae_delta_pct": 0.0
      },
      "DK2": {
        "mae": 168.4258,
        "rmse": 226.8755,
        "r2": 0.6205,
        "mae_delta_pct": 0.0
      },
      "HYDRO": {
        "mae": 954.1759,
        "rmse": 964.1682,
        "r2": -1.6746551897784083e+22,
        "mae_delta_pct": 0.0
      },
      "DE": {
        "mae": 310.0121,
        "rmse": 332.5118,
        "r2": -29679333408768.0,
        "mae_delta_pct": 0.0
      }
    },
    "spike_5x": {
      "DK1": {
        "mae": 166.0023,
        "rmse": 229.6578,
        "r2": 0.6166,
        "mae_delta_pct": 0.0
      },
      "DK2": {
        "mae": 168.4258,
        "rmse": 226.8755,
        "r2": 0.6205,
        "mae_delta_pct": 0.0
      },
      "HYDRO": {
        "mae": 954.1759,
        "rmse": 964.1682,
        "r2": -1.6746551897784083e+22,
        "mae_delta_pct": 0.0
      },
      "DE": {
        "mae": 310.0121,
        "rmse": 332.5118,
        "r2": -29679333408768.0,
        "mae_delta_pct": 0.0
      }
    }
  }
}