{"mean": 367.92074681938186, "scale": 659.3863696971054}