{"mean": 735.8414936387637, "scale": 773.8536148422334}