{"mean": 730.1536025537076, "scale": 772.2983469192197}