{"mean": 735.3455116301686, "scale": 773.8434736531516}