{
  "mae": 211.61425707700434,
  "rmse": 309.8394546507545,
  "r2": 0.4753728449565898,
  "smape": 50.9839548150376
}