{
  "mae": 32.6699757009653,
  "rmse": 62.6436670979912,
  "r2": 0.9728517312421328,
  "smape": 12.010265827178339
}