{
  "mae": 205.62364464732747,
  "rmse": 296.4141610792607,
  "r2": 0.5197819515762303,
  "smape": 51.8644455851892
}